{
	"seed_1": {"lf_removed": [-1, 2, 7, 9, 0, 3, 10, 8, 6], "acc": [0.44866920152091255, 0.5477178423236515, 0.0, 0.39915966386554624, 0.5062034739454094, 0.5393794749403341, 0.1, 0.14854111405835543, 0.04411764705882353]},
	"seed_2": {"lf_removed": [-1, 1, 7, 10, 0, 3, 8, 4, 6], "acc": [0.41002949852507364, 0.4760076775431862, 0.532319391634981, 0.4364820846905538, 0.0, 0.43037974683544306, 0.5106382978723404, 0.5707656612529002, 0.5297741273100616]},
	"seed_3": {"lf_removed": [-1, 1, 6, 10, 4, 0, 3, 8, 7], "acc": [0.44610778443113774, 0.5965665236051502, 0.5473251028806585, 0.3660886319845858, 0.49881235154394304, 0.5499999999999999, 0.5954198473282443, 0.5956521739130436, 0.5367647058823529]},
	"seed_4": {"lf_removed": [-1, 1, 6, 10, 4, 3, 0, 9, 5], "acc": [0.450229709035222, 0.5849462365591397, 0.5302713987473904, 0.4121779859484777, 0.5211726384364821, 0.3323353293413173, 0.49363867684478374, 0.22485207100591714, 0.0]},
	"seed_5": {"lf_removed": [-1, 2, 6, 10, 4, 0, 3, 8, 7], "acc": [0.4181286549707602, 0.5866050808314086, 0.4920273348519363, 0.3960720130932897, 0.5140186915887851, 0.5813953488372094, 0.5605700712589072, 0.5528089887640449, 0.5010438413361169]},
	"seed_6": {"lf_removed": [-1, 1, 7, 10, 0, 3, 8, 9, 5], "acc": [0.46341463414634143, 0.5392354124748491, 0.5, 0.36674816625916873, 0.4928716904276985, 0.48076923076923084, 0.5032822757111597, 0.15568862275449102, 0.0]},
	"seed_7": {"lf_removed": [-1, 2, 6, 10, 0, 9, 4, 8, 7], "acc": [0.44810543657331137, 0.571969696969697, 0.5374280230326296, 0.3371900826446281, 0.4833333333333334, 0.2585278276481149, 0.49897750511247435, 0.5196850393700788, 0.31121642969984203]},
	"seed_8": {"lf_removed": [-1, 2, 6, 10, 4, 3, 0, 8, 7], "acc": [0.41421947449768165, 0.5442764578833693, 0.5065274151436031, 0.3263403263403264, 0.5387931034482759, 0.3076923076923077, 0.6253229974160207, 0.611764705882353, 0.5536159600997506]},
	"seed_9": {"lf_removed": [-1, 1, 6, 9, 4, 10, 0, 8, 5], "acc": [0.46075085324232085, 0.5365853658536586, 0.525096525096525, 0.33242506811989103, 0.5185185185185186, 0.20320855614973266, 0.5320665083135392, 0.5404255319148936, 0.0]},
	"seed_10": {"lf_removed": [-1, 2, 7, 9, 4, 10, 3, 8, 5], "acc": [0.5054545454545455, 0.5212765957446809, 0.5409252669039146, 0.47319778188539746, 0.5435684647302904, 0.27014218009478674, 0.1657754010695187, 0.16304347826086957, 0.05314009661835749]},
	"seed_11": {"lf_removed": [-1, 2, 7, 9, 4, 3, 10, 8, 5], "acc": [0.0, 0.5652173913043478, 0.5324675324675325, 0.4327485380116958, 0.48513302034428796, 0.40892193308550184, 0.15418502202643172, 0.14285714285714285, 0.06103286384976526]},
	"seed_12": {"lf_removed": [-1, 2, 7, 9, 4, 3, 0, 10, 6], "acc": [0.43434343434343436, 0.5584415584415584, 0.5866666666666667, 0.3922518159806296, 0.5161290322580646, 0.3990929705215419, 0.5298329355608592, 0.29154518950437314, 0.07194244604316546]},
	"seed_13": {"lf_removed": [-1, 1, 6, 9, 0, 10, 3, 4, 7], "acc": [0.46017699115044247, 0.5545851528384279, 0.4974271012006861, 0.34063260340632606, 0.5305164319248826, 0.19847328244274812, 0.14545454545454545, 0.2452830188679245, 0.13812154696132597]},
	"seed_14": {"lf_removed": [-1, 2, 6, 9, 0, 3, 10, 4, 5], "acc": [0.4103448275862069, 0.6104783599088838, 0.5112107623318386, 0.35812672176308535, 0.5394402035623409, 0.48704663212435234, 0.03053435114503817, 0.25846153846153846, 0.0]},
	"seed_15": {"lf_removed": [-1, 1, 7, 9, 4, 3, 0, 8, 6], "acc": [0.4207221350078493, 0.5726872246696034, 0.49820788530465954, 0.44308943089430897, 0.5161290322580645, 0.37454545454545457, 0.569593147751606, 0.5782608695652173, 0.5168067226890756]},
	"seed_16": {"lf_removed": [-1, 2, 6, 10, 4, 3, 9, 0, 7], "acc": [0.4694533762057877, 0.5863453815261044, 0.49648711943793916, 0.30739299610894943, 0.42691415313225056, 0.34, 0.17850637522768673, 0.15789473684210528, 0.08945686900958467]},
	"seed_17": {"lf_removed": [-1, 2, 7, 10, 0, 3, 8, 4, 6], "acc": [0.43983402489626555, 0.6004228329809724, 0.5403225806451614, 0.44047619047619047, 0.39631336405529954, 0.4276729559748428, 0.47368421052631576, 0.5383022774327121, 0.0]},
	"seed_18": {"lf_removed": [-1, 1, 7, 9, 4, 10, 3, 0, 5], "acc": [0.4473684210526315, 0.4959349593495935, 0.4686192468619247, 0.4076655052264809, 0.48826291079812206, 0.26970954356846477, 0.14438502673796794, 0.22905027932960895, 0.0]},
	"seed_19": {"lf_removed": [-1, 2, 6, 10, 0, 3, 8, 4, 5], "acc": [0.46787479406919275, 0.5474137931034483, 0.5109243697478992, 0.36605657237936773, 0.544529262086514, 0.4914004914004914, 0.5418502202643173, 0.5628997867803839, 0.0]},
	"seed_20": {"lf_removed": [-1, 2, 6, 10, 4, 0, 3, 9, 5], "acc": [0.48220064724919093, 0.5171102661596958, 0.4904051172707889, 0.32547169811320753, 0.46875000000000006, 0.5655737704918032, 0.5798525798525799, 0.25641025641025644, 0.0]}
}